{
  "n_screenshots": 62,
  "embedding_dim": 512,
  "model_name": "ViT-B-32",
  "avg_pairwise_similarity": 0.4421013295650482,
  "similarity_min": 0.06765881180763245,
  "similarity_max": 1.0000007152557373
}